variable,same_day_correlation
broker_return,0.7644068775165395
sz_return,0.589302013892174
sh_return,0.581139255052272
hs300_return,0.5711104600217028
cyb_return,0.5464214555564523
stock_volume_change,0.388468048994416
stock_turnover_change,0.38609145324924976
market_amount_change,0.32132123123019624
