variable,stock_return,sh_return,sz_return,cyb_return,hs300_return,broker_return,market_amount_change,stock_volume_change,stock_turnover_change
stock_return,1.0,0.5790612927547728,0.5868862226405871,0.544750420241373,0.567041353073239,0.7596623952993811,0.3166732115666892,0.3871173680745495,0.38755946541554465
sh_return,0.5790612927547728,1.0,0.8971229928778964,0.7746991417186513,0.9450207591018507,0.7803972795808427,0.23979321124515607,0.18673315813599675,0.18726704803394226
sz_return,0.5868862226405871,0.8971229928778964,1.0,0.9453262349034224,0.9322124667613694,0.7098525916385142,0.2400212760341906,0.17646447250387168,0.17712298714439345
cyb_return,0.544750420241373,0.7746991417186513,0.9453262349034224,1.0,0.8490783950845453,0.6268032132679725,0.22019350965826065,0.16908959355560446,0.169814266471843
hs300_return,0.567041353073239,0.9450207591018507,0.9322124667613694,0.8490783950845453,1.0,0.7697796221584073,0.2779464609126878,0.2159745479648373,0.2163503172706535
broker_return,0.7596623952993811,0.7803972795808427,0.7098525916385142,0.6268032132679725,0.7697796221584073,1.0,0.31449826391145447,0.3602816605416441,0.35983124075270995
market_amount_change,0.3166732115666892,0.23979321124515607,0.2400212760341906,0.22019350965826065,0.2779464609126878,0.31449826391145447,1.0,0.47182163256637166,0.47250219950540767
stock_volume_change,0.3871173680745495,0.18673315813599675,0.17646447250387168,0.16908959355560446,0.2159745479648373,0.3602816605416441,0.47182163256637166,1.0,0.998281954119722
stock_turnover_change,0.38755946541554465,0.18726704803394226,0.17712298714439345,0.169814266471843,0.2163503172706535,0.35983124075270995,0.47250219950540767,0.998281954119722,1.0
