variable,same_day_correlation
broker_return,0.7596623952993806
sz_return,0.5868862226405877
sh_return,0.5790612927547707
hs300_return,0.5670413530732392
cyb_return,0.5447504202413721
stock_turnover_change,0.38755946541554426
stock_volume_change,0.3871173680745496
market_amount_change,0.31667321156668854
