model,r2,mae,rmse,direction_accuracy,oos_samples,signal_win_rate,total_return,max_drawdown,trade_count,win_rate,profit_loss_ratio
A,0.34020222557294066,0.021464305975700065,0.03231394899843592,0.7348912167606769,1241,0.379746835443038,-0.1687644000381162,-0.5180340766338015,67,0.40298507462686567,1.4807804154010396
B,0.6140442187829149,0.01622070448221298,0.024714588700710673,0.7921031426269137,1241,0.4339622641509434,0.5786142760495077,-0.3862882631364195,49,0.5510204081632653,1.2714940332160671
C,0.6225417147039891,0.016129866449874488,0.024441006885762003,0.7993553585817889,1241,0.4339622641509434,0.27104173908548046,-0.4378907555784467,44,0.45454545454545453,1.6160049072441767
D,0.6275574918049982,0.01614844145090488,0.02427807414436716,0.8025785656728445,1241,0.43137254901960786,0.08311016618088507,-0.44542949951978394,46,0.45652173913043476,1.4094370414661277
