model,total_return,annualized_return,max_drawdown,trade_count,win_rate,profit_loss_ratio,profit_factor,avg_holding_days,signal_win_rate
A,1.2324294737951966,0.16198835244620158,-0.3078771300987415,75,0.56,1.369152319064878,1.7425574969916628,4.8933333333333335,0.46153846153846156
B,0.7961322360291394,0.11569869202529048,-0.25397206827139307,62,0.5,1.5601837959316802,1.56018379593168,4.290322580645161,0.42857142857142855
C,1.2447091687051524,0.16318056376756962,-0.21084098607348767,62,0.5,1.8093443634190234,1.8093443634190232,4.403225806451613,0.4358974358974359
D,1.3991672423870418,0.17774126009663593,-0.3265396348988545,61,0.5245901639344263,1.7633708138005793,1.9457884841937427,4.639344262295082,0.410958904109589
