variable,stock_return,sh_return,sz_return,cyb_return,hs300_return,broker_return,market_amount_change,stock_volume_change,stock_turnover_change
stock_return,1.0,0.5380991512511486,0.5527133197204197,0.5140470160602285,0.5273741233101343,0.6957869427383985,0.2482137400719897,0.3857603560008593,0.40343954034309243
sh_return,0.5380991512511486,1.0,0.9036211423163709,0.7865376413907694,0.9488225300896667,0.7904211229231178,0.2372061918386575,0.1781489581016504,0.17982288861208887
sz_return,0.5527133197204197,0.9036211423163709,1.0,0.9478006487812755,0.9343980342615263,0.724675749766078,0.24459448947066142,0.17589949411474382,0.17970528462513177
cyb_return,0.5140470160602285,0.7865376413907694,0.9478006487812755,1.0,0.8524948115183285,0.6442008995275745,0.2282979504893355,0.16487883492590039,0.16992769121423928
hs300_return,0.5273741233101343,0.9488225300896667,0.9343980342615263,0.8524948115183285,1.0,0.77890670984743,0.276145470627878,0.21310968230104071,0.21638486060536963
broker_return,0.6957869427383985,0.7904211229231178,0.724675749766078,0.6442008995275745,0.77890670984743,1.0,0.3020613576753068,0.3229747195742602,0.3272268628736559
market_amount_change,0.2482137400719897,0.2372061918386575,0.24459448947066142,0.2282979504893355,0.276145470627878,0.3020613576753068,1.0,0.42343852851809727,0.4307392425421099
stock_volume_change,0.3857603560008593,0.1781489581016504,0.17589949411474382,0.16487883492590039,0.21310968230104071,0.3229747195742602,0.42343852851809727,1.0,0.9898556664412708
stock_turnover_change,0.40343954034309243,0.17982288861208887,0.17970528462513177,0.16992769121423928,0.21638486060536963,0.3272268628736559,0.4307392425421099,0.9898556664412708,1.0
