variable,same_day_correlation
broker_return,0.7018396131387168
sz_return,0.558333327604791
sh_return,0.5436602221184993
hs300_return,0.5336687605532184
cyb_return,0.5185671735131381
stock_volume_change,0.3848896583266441
stock_turnover_change,0.3756524141734886
market_amount_change,0.24659204635657955
