model,r2,mae,rmse,direction_accuracy,oos_samples,signal_win_rate,total_return,max_drawdown,trade_count,win_rate,profit_loss_ratio
A,0.32847593246642215,0.021271422851562014,0.031307956317531034,0.7129080118694362,1348,0.46153846153846156,1.2324294737951966,-0.3078771300987415,75,0.56,1.369152319064878
B,0.5556999461811526,0.017068584083699462,0.025466080694046885,0.7707715133531158,1348,0.42857142857142855,0.7961322360291394,-0.25397206827139307,62,0.5,1.5601837959316802
C,0.5562932776839543,0.01704359349104742,0.025449070932627497,0.7685459940652819,1348,0.4358974358974359,1.2447091687051524,-0.21084098607348767,62,0.5,1.8093443634190234
D,0.5902049575447949,0.016318611737550566,0.024457230579771998,0.7789317507418397,1348,0.410958904109589,1.3991672423870418,-0.3265396348988545,61,0.5245901639344263,1.7633708138005793
