model,total_return,annualized_return,max_drawdown,trade_count,win_rate,profit_loss_ratio,profit_factor,avg_holding_days,signal_win_rate
A,0.2684972985592762,0.02651750709517553,-0.273385075406427,124,0.4838709677419355,1.265102443984208,1.186033541235195,4.0,0.3790849673202614
B,-0.20666104240812755,-0.025153862035415808,-0.5562206673753394,94,0.39361702127659576,1.495696112038222,0.9708904586914774,3.8404255319148937,0.35398230088495575
C,-0.2554789912613473,-0.031943132167268184,-0.5176345335673841,90,0.4,1.3980442955303494,0.9320295303535663,3.8777777777777778,0.35135135135135137
D,0.06738778830750958,0.00720223790833896,-0.44438432494354263,84,0.44047619047619047,1.4256225522848363,1.1222986049901902,3.892857142857143,0.37373737373737376
