variable,same_day_correlation
broker_return,0.7394173746352977
sz_return,0.6203600579733366
cyb_return,0.6035485693011784
sh_return,0.6030551311333766
hs300_return,0.5980029442797025
stock_volume_change,0.33449506038569066
stock_turnover_change,0.3338741981798949
market_amount_change,0.2688786361994172
