variable,same_day_correlation
broker_return,0.7394173746352981
sz_return,0.6203600579733368
cyb_return,0.6035485693011786
sh_return,0.6030551311333766
hs300_return,0.5980029442797022
stock_volume_change,0.33449506038569066
stock_turnover_change,0.33387419817989483
market_amount_change,0.26887863619941726
