variable,stock_return,sh_return,sz_return,cyb_return,hs300_return,broker_return,market_amount_change,stock_volume_change,stock_turnover_change
stock_return,1.0,0.6240292279503802,0.6441928792046002,0.632263941501475,0.612115664577318,0.7357801493066135,0.27433698870887346,0.3382059275009115,0.33444110894967355
sh_return,0.6240292279503802,1.0,0.9129834661725749,0.7980719609152246,0.9569663916232021,0.8090989606344968,0.23919408363025435,0.17049165853839318,0.16856686815147456
sz_return,0.6441928792046002,0.9129834661725749,1.0,0.9444274227572229,0.9250969261480324,0.7464800418456967,0.2258793644183423,0.18427571671487755,0.18222980287936524
cyb_return,0.632263941501475,0.7980719609152246,0.9444274227572229,1.0,0.8245503604426967,0.6723477338637259,0.21104873342065697,0.19549919285044098,0.19367018713787618
hs300_return,0.612115664577318,0.9569663916232021,0.9250969261480324,0.8245503604426967,1.0,0.7943269008647564,0.2677668898621345,0.20770434660183465,0.20583400255327386
broker_return,0.7357801493066135,0.8090989606344968,0.7464800418456967,0.6723477338637259,0.7943269008647564,1.0,0.2932395164465797,0.27836402233581603,0.2766830252918783
market_amount_change,0.27433698870887346,0.23919408363025435,0.2258793644183423,0.21104873342065697,0.2677668898621345,0.2932395164465797,1.0,0.46965244822927266,0.4693163966901228
stock_volume_change,0.3382059275009115,0.17049165853839318,0.18427571671487755,0.19549919285044098,0.20770434660183465,0.27836402233581603,0.46965244822927266,1.0,0.9990477810321633
stock_turnover_change,0.33444110894967355,0.16856686815147456,0.18222980287936524,0.19367018713787618,0.20583400255327386,0.2766830252918783,0.4693163966901228,0.9990477810321633,1.0
