model,r2,mae,rmse,direction_accuracy,oos_samples,signal_win_rate,total_return,max_drawdown,trade_count,win_rate,profit_loss_ratio
A,0.406417943904415,0.021295603584515647,0.031244644457060915,0.7366812227074235,2290,0.3790849673202614,0.2684972985592762,-0.273385075406427,124,0.4838709677419355,1.265102443984208
B,0.5715442344957208,0.017747235680670322,0.026545334408128993,0.7816593886462883,2290,0.35398230088495575,-0.20666104240812755,-0.5562206673753394,94,0.39361702127659576,1.495696112038222
C,0.5755170698107563,0.01762468044064315,0.026421977623992083,0.7868995633187773,2290,0.35135135135135137,-0.2554789912613473,-0.5176345335673841,90,0.4,1.3980442955303494
D,0.5878179106641521,0.017212516480199582,0.026036329754478883,0.7960698689956331,2290,0.37373737373737376,0.06738778830750958,-0.44438432494354263,84,0.44047619047619047,1.4256225522848363
