model,total_return,annualized_return,max_drawdown,trade_count,win_rate,profit_loss_ratio,profit_factor,avg_holding_days,signal_win_rate
A,0.429592775871827,0.040183648045837295,-0.21716141353647933,36,0.5833333333333334,1.2837243167812766,1.7972140434937875,3.9444444444444446,0.48717948717948717
B,0.5664733915113782,0.050721399154190605,-0.061837085678549064,15,0.6666666666666666,5.387490924208396,10.77498184841679,3.1333333333333333,0.4117647058823529
C,0.5664733915113782,0.050721399154190605,-0.061837085678549064,15,0.6666666666666666,5.387490924208396,10.77498184841679,3.1333333333333333,0.4117647058823529
D,0.3439254580069748,0.03312196416628588,-0.061837085678549064,14,0.6428571428571429,2.3074240382473867,4.153363268845296,3.642857142857143,0.4
