variable,same_day_correlation
broker_return,0.8358623482671578
sz_return,0.7347891204321184
cyb_return,0.7332663593957915
hs300_return,0.7195748001756006
sh_return,0.7130611750466167
stock_volume_change,0.31933930912283504
stock_turnover_change,0.3171383767661642
market_amount_change,0.2581242065353546
