variable,same_day_correlation
broker_return,0.8387406768493427
sz_return,0.7180015968285942
hs300_return,0.7124738248776754
cyb_return,0.7123981856268489
sh_return,0.7018198407365602
stock_turnover_change,0.3147908210073238
stock_volume_change,0.3146462817161695
market_amount_change,0.24930425389974334
