variable,stock_return,sh_return,sz_return,cyb_return,hs300_return,broker_return,market_amount_change,stock_volume_change,stock_turnover_change
stock_return,1.0,0.7130611750466173,0.7347891204321172,0.7332663593957901,0.719574800175601,0.8358623482671559,0.25812420653535456,0.31933930912283476,0.31713837676616413
sh_return,0.7130611750466173,1.0,0.9127315187657298,0.7977378006515481,0.956945855472601,0.8086167415000423,0.2378199037768311,0.18254399481697653,0.18078730386208614
sz_return,0.7347891204321172,0.9127315187657298,1.0,0.9444827691854633,0.9249200835984911,0.7454257574223616,0.22472668846506505,0.18873076135164016,0.1868512915846792
cyb_return,0.7332663593957901,0.7977378006515481,0.9444827691854633,1.0,0.8243231708562703,0.6711440508787045,0.2098397511822868,0.20379753271566584,0.20177075511555517
hs300_return,0.719574800175601,0.956945855472601,0.9249200835984911,0.8243231708562703,1.0,0.7938737883810689,0.26702110130041695,0.22526757703000885,0.22366334562789664
broker_return,0.8358623482671559,0.8086167415000423,0.7454257574223616,0.6711440508787045,0.7938737883810689,1.0,0.29223089442384675,0.3185930836380846,0.3159754037503893
market_amount_change,0.25812420653535456,0.2378199037768311,0.22472668846506505,0.2098397511822868,0.26702110130041695,0.29223089442384675,1.0,0.5424492005723813,0.5414048143903814
stock_volume_change,0.31933930912283476,0.18254399481697653,0.18873076135164016,0.20379753271566584,0.22526757703000885,0.3185930836380846,0.5424492005723813,1.0,0.9991348347908311
stock_turnover_change,0.31713837676616413,0.18078730386208614,0.1868512915846792,0.20177075511555517,0.22366334562789664,0.3159754037503893,0.5414048143903814,0.9991348347908311,1.0
