model,r2,mae,rmse,direction_accuracy,oos_samples,signal_win_rate,total_return,max_drawdown,trade_count,win_rate,profit_loss_ratio
A,0.5553863018532719,0.013684214304788282,0.019598524092019398,0.789588801399825,2286,0.48717948717948717,0.429592775871827,-0.21716141353647933,36,0.5833333333333334,1.2837243167812766
B,0.7458807780716346,0.010311538736934899,0.014816673340298639,0.8350831146106736,2286,0.4117647058823529,0.5664733915113782,-0.061837085678549064,15,0.6666666666666666,5.387490924208396
C,0.7456192919127889,0.01031363272063846,0.014824294485234998,0.8346456692913385,2286,0.4117647058823529,0.5664733915113782,-0.061837085678549064,15,0.6666666666666666,5.387490924208396
D,0.74557744193756,0.010165774393581552,0.01482551386002034,0.84251968503937,2286,0.4,0.3439254580069748,-0.061837085678549064,14,0.6428571428571429,2.3074240382473867
